EmployeeID,Age,EducationLevel,Experience,JobLevel,Salary,JobSatisfaction
9,-0.8477912478906586,-0.392232270276368,-0.9819805060619657,-0.7071067811865475,-0.7247506069765575,-0.7071067811865475
10,0.6266283136583125,0.5883484054145521,0.4728054288446501,0.7071067811865475,0.5167203401592122,0.7071067811865475
11,1.363838094432798,1.5689290811054721,1.563894880024612,1.414213562373095,1.6910847496119674,1.414213562373095
12,-1.4006985834715229,-1.372812945967288,-1.1638287479252927,-1.414213562373095,-1.0938365642331376,-1.414213562373095
13,0.2580234232710697,-0.392232270276368,0.10910894511799613,0.0,-0.3892179185614846,0.0
