EmployeeID,Age,EducationLevel,Experience,JobLevel,Salary,JobSatisfaction
1,-0.07679594626401524,-0.13483997249264842,-0.14694979256736126,0.4745789978762495,0.13545709229571928,0.3965257928590721
2,-0.936910544420986,-1.2135597524338357,-0.9306820195932881,-1.044073795327749,-0.948199646070035,-0.8723567442899586
3,1.1519391939602286,0.9438798074485389,1.1592705858091834,1.2339053944782488,1.0836567383657543,1.0309670614335873
4,-0.6911635163761372,-0.13483997249264842,-0.8000599817556336,-0.2847473987257497,-0.5418283691828771,-0.23791547571544325
5,0.5375716238481067,-0.13483997249264842,0.5061603966209111,0.4745789978762495,0.27091418459143857,0.3965257928590721
6,1.7663067640723507,2.0225995873897262,1.8123807749974559,1.2339053944782488,1.89639929214007,1.6654083300081026
7,-1.3055310864882592,-1.2135597524338357,-1.191926095268597,-1.8034001919297482,-1.2191138306614735,-1.5067980128644738
8,-0.4454164883312884,-0.13483997249264842,-0.40819386824267023,-0.2847473987257497,-0.6772854614785965,-0.8723567442899586
