Country,C1,C2,C3,C4,C5,C6,C7
USA,3.1633323475665676,-1.2884664434631568,-1.607176269217703,0.13338225485435473,0.11599787663869263,0.17274650940020417,-0.03463229390958965
Germany,-1.9181865690263982,2.69424007003648,-1.195793703775883,0.22547245982446293,-0.2615795588931238,0.056373981088945146,-0.08781874282396751
India,1.0917118610039829,0.6026352651134752,1.657167173708084,0.5402888435807875,-0.12300835578786237,0.34729315773101915,-0.10632221049902195
Brazil,-0.775608560284616,-1.7408976739460755,0.2566131725053551,-0.39738824431707986,-0.6422771160393362,0.06866918211858866,0.11399518176921086
Japan,-0.18026713747465828,-0.6418128019132305,0.10355125016233331,-1.2119260181188363,-0.30259402863252566,-0.2816008275551563,-0.12188989062361683
Australia,-0.4533235658128079,-0.05596483242973119,0.4570228301446545,-1.1638010772620537,0.7121311217625356,-0.03140122668018599,-0.05558899429315955
China,2.4135915153318317,1.3989364585112833,0.48878669433279703,0.7769299774846599,-0.02256794919251319,-0.39330381845247797,0.09543570344718397
SouthAfrica,-2.4561929518614205,-1.820902979871125,-0.053791444191456525,1.6152564951223702,0.2839580638088571,-0.11091330306186632,-0.026905527537575122
Russia,-0.8850569394424809,0.852232937962079,-0.1063797036681819,-0.5182146911686666,0.2399399463352758,0.17213634541092845,0.22372677447053563
