L_Temp,L_BP,L_Oxygen,L_Pulse,L_RR,DEPARTAMENT,DEPARTAMENT PREDICT
0.4153419921780898,0.8723567442899586,-0.6546536707079772,0.9233132592090664,0.592156525463792,,A
1.0798891796630334,1.1895773785772161,-1.091089451179962,0.706063080571639,1.1185178814316072,A,C
-0.24920519530685387,-0.3965257928590721,0.6546536707079772,-0.16293763397807054,-0.4605661864718383,B,A
