Age,YearsExperience,EducationLevel,Attrition
-0.7473515944449389,-0.6998130314901936,-0.2581988897471611,No
0.5679872117781536,0.3979329002591297,0.7745966692414834,Yes
-1.2256566148896997,-1.0291368110149905,-1.2909944487358056,No
1.7637497628900558,2.0445517978831145,1.8073922282301278,Yes
-0.029894063777797554,-0.15094006561553194,-0.2581988897471611,Yes
-0.8669278495561291,-0.9193622178400582,-1.2909944487358056,No
1.1658684873341048,0.9468058661337913,0.7745966692414834,Yes
-0.6277753393337486,-0.5900384383152613,-0.2581988897471611,No
