LD1,LD2,LD3,LD4
0.8316985680400851,-4.899386277409471,-2.845746020502134,-1.2499712708683546
5.076159296570671,-3.8809766464943034,2.5338976046087436,-0.04091588205927785
-6.312213510191533,-3.3033999148517297,1.3050909291018893,-0.5637399172041856
5.588992515056946,-0.9335595742298204,-0.948822497660314,0.6319526392446972
6.146880829440044,-1.0190811748345674,-0.8671639249512515,4.1822174918099265e-05
1.988375527604588,-0.6611193897675718,-4.186343642841199,-0.5542749973773371
