Region,LifeExpectancy,InfantMortalityRate,HealthExpenditure,PhysiciansPer1000,HospitalBedsPer1000,ObesityRate,SmokingRate,AlcoholConsumption,PhysicalActivityRate,FastFoodConsumption,Counter
Africa,66.0,32.13333333333333,200.0,0.7999999999999999,0.8333333333333334,20.766666666666666,16.0,5.0,21.666666666666668,133.33333333333334,1.0
Asia,76.8,11.92,1860.0,1.6199999999999999,6.12,5.42,16.4,5.54,50.0,220.0,1.0
Europe,80.66666666666667,3.533333333333333,4516.666666666667,3.75,5.133333333333334,23.483333333333334,24.166666666666668,10.616666666666667,62.5,733.3333333333334,1.0
NorthAmerica,78.66666666666667,7.533333333333334,6033.333333333333,2.5,2.3000000000000003,31.53333333333333,20.666666666666668,8.200000000000001,45.0,900.0,1.0
SouthAmerica,76.0,11.5,775.0,2.6,3.3,25.05,18.5,8.4,45.0,275.0,1.0
