Three_Letter_Country_Code,Medie
234,50.0
109,57.0
907,44.57142857142857
768,62.42857142857143
