Continent,HealthcareExpenditure,InfantMortalityRate
Africa,273.3333333333333,48.4
Asia,2700.0,13.366666666666667
Europe,6140.0,4.5200000000000005
North America,6700.0,8.1
Oceania,7200.0,3.5
South America,825.0,11.7
