Region,Population,GDP,LifeExpectancy,UrbanizationRate,EducationIndex,HealthIndex,HappinessScore
Africa,60580458,362,139.7,127.6,1.4300000000000002,1.42,11.2
Asia,1519409038,7930,155.0,126.5,1.54,1.4700000000000002,11.5
Europe,91700000,4900,165.4,151.8,1.79,1.83,14.899999999999999
