Country,X_C1,X_C2
USA,1.3599380544202848,0.7154506726580238
Germany,0.6668761939700585,-0.3884534384242563
Japan,0.4964635529614219,-1.0205497209288696
India,-1.096786740104971,0.8381750284420741
Brazil,-0.7776283013839279,-0.6604266839487288
South Africa,-0.4535891366929788,2.3952940540017056
Australia,0.9199354833477732,-0.2347241431731251
Canada,0.9193300557947581,-0.07558006439872571
China,-0.9682710596663376,-1.0490003942249246
Russia,-1.0662681026460807,-0.5201853100031731
