Country,Y_C1,Y_C2
USA,1.3607938230793484,-0.207924496245341
Germany,0.8421868606644726,-0.06333502555944309
Japan,0.394860283302273,-0.4113668217940046
India,-1.1171515487772272,-0.08008278138981403
Brazil,-0.7668749699506775,-0.5050261561667981
South Africa,-0.4989182038742158,2.2448471467908697
Australia,1.1347904398194932,-0.005481690597187452
Canada,0.8361272914176358,0.04454088201497114
China,-1.0992560251401342,-0.5357728052277811
Russia,-1.0865579505409684,-0.48039825182547147
