Department,PerformanceRating
Finance,3.6666666666666665
HR,1.6666666666666667
IT,3.3333333333333335
Marketing,2.6666666666666665
