CountryID,C1,C2,C3,C4,C5
1,-2.92337791593707,0.25396287333267814,0.19197045864518364,-0.13259864307476646,-1.0478851331415953e-16
8,-0.9613777799839596,-0.8592227906501297,0.12128126458730983,0.012670118138176228,-1.0478851331415957e-16
12,-0.9628965596112644,0.09840121113573674,-0.70703827658049,0.013859221912054862,-1.0478851331415953e-16
24,-2.382362579402109,0.38007808717689834,0.29650188621053253,0.11745198543878062,-1.0478851331415961e-16
56,7.230014834934403,0.12678061900481638,0.09728466713746388,-0.011382682414245367,-1.0478851331415958e-16
