Country,GDP_per_Capita,HealthcareExpenditure_per_Capita,InfantMortalityRate,LifeExpectancy,TertiaryEducation,EducationExpenditure_percent_GDP,RuralPopulation,ResearchDevelopmentExpenditure
USA,1.4128904014066135,1.4719517022256228,-0.6368271211468924,0.4787473208848124,0.8204581786325144,1.2819392811715713,-0.4965635331614208,1.3480352433074654
Germany,0.9787274158997524,0.5740290952034564,-0.7767577441791693,0.6742358102461123,0.29834842859364163,0.849477836920921,-0.38069870875708933,0.799416248938148
Japan,0.32748293763946085,0.4617887693256855,-0.9066933227091406,1.009358934865481,1.463054794064973,0.4170163926702699,-0.9600228307787468,0.5251067517534894
India,-1.313653147576474,-1.165695955901991,1.6420430253787588,-1.1130875210571933,-1.1073316676648617,-1.2047140232696705,2.22625984034037,-1.1207502313544624
Brazil,-0.8881734217797501,-1.031007564848666,0.14278635003293558,-0.14960853777650612,-0.7860333599486324,-0.664137217956357,-0.20690147215059207,-1.0110264324805989
South Africa,-1.0618386159824944,-1.1095757929631056,1.342191690309594,-1.797297233821741,-1.348305398452034,-1.4209447453949962,0.488287474275397,-1.230474030228326
Australia,0.5445644303928914,0.7985097469589979,-0.8067428776860858,0.8976512266590247,0.6598090247743996,0.7413624758582578,-0.6703607697679181,0.6896924500642846
