Country,F1,F2,F3,F4,F5,F6,F7,F8
USA,1.8110954951669997,0.01271813681852163,-0.5446550827599181,0.24514499104273657,0.39810241065752194,0.0,0.0,0.0
Germany,0.8567094170107148,0.12120786939390127,0.45832018943061015,-1.0978582891799262,-1.420767319597772,0.0,0.0,0.0
Japan,-0.46210544831690825,0.688797522344919,0.9705666308075259,1.9272749207648907,-0.4912450828901598,0.0,0.0,0.0
India,-0.5687582464924557,-2.357659231377101,0.1719747088430834,0.11142600834724847,0.06810815773800272,0.0,0.0,0.0
Brazil,-1.349305814606515,0.760580631076467,0.4042363564408906,-1.2654397166668656,0.2166776501506309,0.0,0.0,0.0
South Africa,-0.6665422339472524,0.3883365038635529,-2.1734927950789,0.25277233736930427,-0.11658512808025989,0.0,0.0,0.0
Australia,0.3789068311854189,0.3860185678797393,0.7130499923167101,-0.1733202516773893,1.3457093120220378,0.0,0.0,0.0
