Country,GDP,EnergyConsumption,Population
USA,2.1468553583949905,2.434865792722759,-0.17371361637638985
Germany,-0.2763543452228397,-0.601382515070079,-0.6343750697019503
India,-0.45406231797600055,0.234685859539543,1.79971739762075
Brazil,-0.5288893941425077,-0.42536812041542177,-0.3910539928288445
Japan,-0.21818943310702288,-0.6453861137337433,-0.5545766179484581
Australia,-0.6708851108263928,-0.733393311061072,-0.7408342269089192
China,1.4880390983252274,0.8947398394945077,1.894091826027008
SouthAfrica,-0.8204845981417164,-0.733393311061072,-0.6783818168623793
Russia,-0.6660292573037382,-0.42536812041542177,-0.520873883020816
