Continent,EnergyConsumption,Population,UnemploymentRate,EnergyConsumptionPerCapita
NorthAmerica,15000,331000000,4.0,4.5317220543806646e-05
Oceania,600,25687041,5.0,2.3358081610100594e-05
Europe,3200,227104080,9.0,1.4090455794541428e-05
Africa,600,59308690,8.4,1.0116561333592092e-05
SouthAmerica,2000,213993437,6.5,9.34608102023241e-06
Asia,14000,2963585145,13.9,4.724008022384658e-06
