Componenta,Explained_Variance
C1,0.6360194867687952
C2,0.24855116185578988
C3,0.115429351375415
C4,1.355377426331692e-32
