Country_Name_x,C1,C2
Franta,3.1993565368161803,-0.8246517538205139
Italia,-1.8079650055558127,0.9307093171408881
Thailanda,-1.9871950342927467,-1.6973429366350319
Uzbekistan,0.5958035030323775,1.5912853733146597
