Region,HealthExpenditure_Mean,HealthExpenditure_Std,AlcoholConsumption_Mean,AlcoholConsumption_Std
Africa,200.0,100.0,5.0,1.8027756377319946
Asia,1860.0,2257.598281360083,5.54,2.72176413379264
Europe,4516.666666666667,2194.0069887460854,10.616666666666667,2.4830760493119546
NorthAmerica,6033.333333333333,5150.080905513362,8.200000000000001,1.352774925846868
SouthAmerica,775.0,106.06601717798213,8.4,0.8485281374238568
