Continent,GDP,UnemploymentRate,ExportRate,ImportRate,Population,GDP_per_Capita
Africa,58071.14440494522,2.262741699796949,4.4547727214752495,6.7175144212722016,103825124.37061706,2691.955515977186
Asia,5972946.646899864,3.1628046625318698,10.478708571829513,6.0893349390553295,742955043.0690228,15318.997040711685
Europe,755260.7529853514,3.818376618407356,4.101219330881974,0.07071067811865074,13088851.282785686,2361.7366491630687
NorthAmerica,13847257.953840537,0.5656854249492382,12.586500705120546,9.263098833543772,207180457.6024155,11476.343058657667
Oceania,835296.7553342944,1.0606601717798212,3.6062445840513924,2.899137802864842,14435997.88828358,38605.83822176382
SouthAmerica,1179176.218054155,1.2020815280171309,1.8384776310850246,2.6162950903902242,118343966.88938445,0.7071067811865476
