Country,GDP,UnemploymentRate,ExportRate,ImportRate,Population
USA,2.3900242998806838,-0.6599778100128456,-0.8894064000662666,-0.6381334063078201,0.03161820637637622
Germany,-0.19955783680069047,-0.5671166106140533,2.2644157105336773,2.213331644693871,-0.5245369677607823
Japan,-0.020067268505097418,-0.741231359486789,-0.6440081378582018,-0.334555378064294,-0.4284938105303198
India,-0.34253186618134746,-0.21888711286858195,-0.14412278891584757,0.012390939928307141,2.3915032830472978
Brazil,-0.5530909413763417,0.36149538337387044,-0.7803405057515711,-1.2452894627948723,-0.23483742595458224
Australia,-0.5606003909112681,-0.474255411215261,0.0012984035037465315,-0.12855600175618717,-0.6556556058182694
SouthAfrica,-0.7141759961059388,2.2999729208236612,0.1921637185544634,0.120811664300995,-0.5795976793597205
