Mediu,Procent_Participare
rural,2.3150709515218804
urban,1.5962252107930595
