CountryID,GNI,ChangeInventories,Exports,Imports,FinalConsExp,GrossCF,HouseholdConsExp,AgrHuntForFish,Construction,Manufacturing,MineralsMining,TradeT,TransportComm,Other
1,-0.751188925070377,-0.6249800206798499,-0.8099406185365927,-0.7566142690707336,-0.7309231701114571,-0.8092609303744228,-0.7431005027071504,-0.6645788653723189,-0.8557995078842264,-0.743338276853325,-0.6990835626413917,-0.8671329942902316,-0.8971086722362025,-0.9840302202220704
8,-0.1369945084611057,-0.8283058012547854,-0.37523816543685734,-0.38327639043717887,-0.15925546741323396,-0.27006087995410694,-0.15137232462553063,-0.438093958258865,-0.4241024184330519,-0.23860240985415368,-0.1980917542705728,-0.21016409255290244,-0.02423270850336707,0.22559407075142912
12,-0.4140027209958572,-0.04066515611498712,-0.08601497641507738,-0.1775543455901374,-0.43283900342179515,-0.17788993116430935,-0.42659473303558637,-0.6229264686617987,0.09353436938108782,-0.33037256749036664,-0.46926458694760603,-0.09238551569070647,-0.2169057468410564,-0.2055960187594939
24,-0.6523072948380466,-0.43744653374180276,-0.6659074704037462,-0.6415232126919757,-0.6380779549061916,-0.6848301495081961,-0.6375985794832958,-0.2528895514567302,-0.7059046851581242,-0.651568119217112,-0.6048510032861226,-0.7401676884327845,-0.7537062516624794,-0.8359071130611754
56,1.9544934493653867,1.931397511791425,1.9371012307922735,1.9589682177900258,1.961095595852678,1.9420418910010353,1.9586661398515632,1.9784888437497128,1.8922722420943148,1.9638813734149572,1.9712909071456932,1.9098502909666253,1.8919533792431054,1.7999392812913109
