Country,Health_per_Capita,HealthcareExpenditure,Population
USA,0.00030211238398812705,100000,331002651
Australia,0.00028235422561137926,7200,25499884
Canada,0.00019871679819864017,7500,37742154
