Judet,CifraDeAfaceriTotala,CifraDeAfaceriPerCapita
AB,7120356571,21960.54877341673
AG,6943958128,13506.414083789288
AR,4270308416,9908.344952561714
B,57814233194,31744.52126935843
BC,4311706289,5883.140065657696
BH,10328297447,21106.50107082572
